collection	size	text	tokens
books	2k	ev	[e, ##v]
books	2k	evim	[e, ##v, ##i, ##m]
books	2k	evlerimiz	[e, ##v, ##l, ##e, ##r, ##i, ##m, ##i, ##z]
books	2k	evde	[e, ##v, ##d, ##e]
books	2k	evden	[e, ##v, ##d, ##e, ##n]
books	2k	evdeki	[e, ##v, ##d, ##e, ##k, ##i]
books	2k	evdekiler	[e, ##v, ##d, ##e, ##k, ##i, ##l, ##e, ##r]
books	2k	okudum	[o, ##k, ##u, ##d, ##u, ##m]
books	2k	okudu	[o, ##k, ##u, ##d, ##u]
books	2k	okumak	[o, ##k, ##u, ##m, ##a, ##k]
books	2k	okuma	[o, ##k, ##u, ##m, ##a]
books	2k	okudum	[o, ##k, ##u, ##d, ##u, ##m]
books	2k	okudular	[o, ##k, ##u, ##d, ##u, ##l, ##a, ##r]
books	2k	okuduklarımız	[o, ##k, ##u, ##d, ##u, ##k, ##l, ##a, ##r, ##ı, ##m, ##ı, ##z]
books	2k	okumadım	[o, ##k, ##u, ##m, ##a, ##d, ##ı, ##m]
books	2k	evlerimiz	[e, ##v, ##l, ##e, ##r, ##i, ##m, ##i, ##z]
books	2k	evimiz	[e, ##v, ##i, ##m, ##i, ##z]
books	2k	evimizdeki	[e, ##v, ##i, ##m, ##i, ##z, ##d, ##e, ##k, ##i]
books	2k	evleriniz	[e, ##v, ##l, ##e, ##r, ##i, ##n, ##i, ##z]
books	2k	evlerimizden	[e, ##v, ##l, ##e, ##r, ##i, ##m, ##i, ##z, ##d, ##e, ##n]
books	2k	kitapçılardan	[k, ##i, ##t, ##a, ##p, ##ç, ##ı, ##l, ##a, ##r, ##d, ##a, ##n]
books	2k	gelmeyeceksiniz	[g, ##e, ##l, ##m, ##e, ##y, ##e, ##c, ##e, ##k, ##s, ##i, ##n, ##i, ##z]
books	2k	yazdırılmayacakmışsınız	[y, ##a, ##z, ##d, ##ı, ##r, ##ı, ##l, ##m, ##a, ##y, ##a, ##c, ##a, ##k, ##m, ##ı, ##ş, ##s, ##ı, ##n, ##ı, ##z]
books	2k	demokrasileştirmenin	[d, ##e, ##m, ##o, ##k, ##r, ##a, ##s, ##i, ##l, ##e, ##ş, ##t, ##i, ##r, ##m, ##e, ##n, ##i, ##n]
books	2k	Ankara’dan	[A, ##n, ##k, ##a, ##r, ##a, [UNK], d, ##a, ##n]
books	2k	İstanbul'uyla	[İ, ##s, ##t, ##a, ##n, ##b, ##u, ##l, ', u, ##y, ##l, ##a]
books	2k	İstanbul'a	[İ, ##s, ##t, ##a, ##n, ##b, ##u, ##l, ', a]
books	2k	İstanbul'da	[İ, ##s, ##t, ##a, ##n, ##b, ##u, ##l, ', d, ##a]
books	2k	İstanbul'dan	[İ, ##s, ##t, ##a, ##n, ##b, ##u, ##l, ', d, ##a, ##n]
books	2k	görülebilirdi	[g, ##ö, ##r, ##ü, ##l, ##e, ##b, ##i, ##l, ##i, ##r, ##d, ##i]
books	2k	çalıştırılabilir	[ç, ##a, ##l, ##ı, ##ş, ##t, ##ı, ##r, ##ı, ##l, ##a, ##b, ##i, ##l, ##i, ##r]
books	2k	kapkara	[k, ##a, ##p, ##k, ##a, ##r, ##a]
books	2k	Ankara'ya	[A, ##n, ##k, ##a, ##r, ##a, ', y, ##a]
books	2k	Ankara'dan	[A, ##n, ##k, ##a, ##r, ##a, ', d, ##a, ##n]
books	2k	Ankara'da	[A, ##n, ##k, ##a, ##r, ##a, ', d, ##a]
books	2k	1923'te	[1, ##9, ##2, ##3, ', t, ##e]
books	5k	ev	[e, ##v]
books	5k	evim	[e, ##v, ##i, ##m]
books	5k	evlerimiz	[e, ##v, ##l, ##e, ##r, ##i, ##m, ##i, ##z]
books	5k	evde	[e, ##v, ##d, ##e]
books	5k	evden	[e, ##v, ##d, ##e, ##n]
books	5k	evdeki	[e, ##v, ##d, ##e, ##k, ##i]
books	5k	evdekiler	[e, ##v, ##d, ##e, ##k, ##i, ##l, ##e, ##r]
books	5k	okudum	[o, ##k, ##u, ##d, ##u, ##m]
books	5k	okudu	[o, ##k, ##u, ##d, ##u]
books	5k	okumak	[o, ##k, ##u, ##m, ##a, ##k]
books	5k	okuma	[o, ##k, ##u, ##m, ##a]
books	5k	okudum	[o, ##k, ##u, ##d, ##u, ##m]
books	5k	okudular	[o, ##k, ##u, ##d, ##u, ##l, ##a, ##r]
books	5k	okuduklarımız	[o, ##k, ##u, ##d, ##u, ##k, ##l, ##a, ##r, ##ı, ##m, ##ı, ##z]
books	5k	okumadım	[o, ##k, ##u, ##m, ##a, ##d, ##ı, ##m]
books	5k	evlerimiz	[e, ##v, ##l, ##e, ##r, ##i, ##m, ##i, ##z]
books	5k	evimiz	[e, ##v, ##i, ##m, ##i, ##z]
books	5k	evimizdeki	[e, ##v, ##i, ##m, ##i, ##z, ##d, ##e, ##k, ##i]
books	5k	evleriniz	[e, ##v, ##l, ##e, ##r, ##i, ##n, ##i, ##z]
books	5k	evlerimizden	[e, ##v, ##l, ##e, ##r, ##i, ##m, ##i, ##z, ##d, ##e, ##n]
books	5k	kitapçılardan	[k, ##i, ##t, ##a, ##p, ##ç, ##ı, ##l, ##a, ##r, ##d, ##a, ##n]
books	5k	gelmeyeceksiniz	[g, ##e, ##l, ##m, ##e, ##y, ##e, ##c, ##e, ##k, ##s, ##i, ##n, ##i, ##z]
books	5k	yazdırılmayacakmışsınız	[y, ##a, ##z, ##d, ##ı, ##r, ##ı, ##l, ##m, ##a, ##y, ##a, ##c, ##a, ##k, ##m, ##ı, ##ş, ##s, ##ı, ##n, ##ı, ##z]
books	5k	demokrasileştirmenin	[d, ##e, ##m, ##o, ##k, ##r, ##a, ##s, ##i, ##l, ##e, ##ş, ##t, ##i, ##r, ##m, ##e, ##n, ##i, ##n]
books	5k	Ankara’dan	[A, ##n, ##k, ##a, ##r, ##a, [UNK], d, ##a, ##n]
books	5k	İstanbul'uyla	[İ, ##s, ##t, ##a, ##n, ##b, ##u, ##l, ', u, ##y, ##l, ##a]
books	5k	İstanbul'a	[İ, ##s, ##t, ##a, ##n, ##b, ##u, ##l, ', a]
books	5k	İstanbul'da	[İ, ##s, ##t, ##a, ##n, ##b, ##u, ##l, ', d, ##a]
books	5k	İstanbul'dan	[İ, ##s, ##t, ##a, ##n, ##b, ##u, ##l, ', d, ##a, ##n]
books	5k	görülebilirdi	[g, ##ö, ##r, ##ü, ##l, ##e, ##b, ##i, ##l, ##i, ##r, ##d, ##i]
books	5k	çalıştırılabilir	[ç, ##a, ##l, ##ı, ##ş, ##t, ##ı, ##r, ##ı, ##l, ##a, ##b, ##i, ##l, ##i, ##r]
books	5k	kapkara	[k, ##a, ##p, ##k, ##a, ##r, ##a]
books	5k	Ankara'ya	[A, ##n, ##k, ##a, ##r, ##a, ', y, ##a]
books	5k	Ankara'dan	[A, ##n, ##k, ##a, ##r, ##a, ', d, ##a, ##n]
books	5k	Ankara'da	[A, ##n, ##k, ##a, ##r, ##a, ', d, ##a]
books	5k	1923'te	[1, ##9, ##2, ##3, ', t, ##e]
books	10k	ev	[e, ##v]
books	10k	evim	[e, ##v, ##i, ##m]
books	10k	evlerimiz	[e, ##v, ##l, ##e, ##r, ##i, ##m, ##i, ##z]
books	10k	evde	[e, ##v, ##d, ##e]
books	10k	evden	[e, ##v, ##d, ##e, ##n]
books	10k	evdeki	[e, ##v, ##d, ##e, ##k, ##i]
books	10k	evdekiler	[e, ##v, ##d, ##e, ##k, ##i, ##l, ##e, ##r]
books	10k	okudum	[o, ##k, ##u, ##d, ##u, ##m]
books	10k	okudu	[o, ##k, ##u, ##d, ##u]
books	10k	okumak	[o, ##k, ##u, ##m, ##a, ##k]
books	10k	okuma	[o, ##k, ##u, ##m, ##a]
books	10k	okudum	[o, ##k, ##u, ##d, ##u, ##m]
books	10k	okudular	[o, ##k, ##u, ##d, ##u, ##l, ##a, ##r]
books	10k	okuduklarımız	[o, ##k, ##u, ##d, ##u, ##k, ##l, ##a, ##r, ##ı, ##m, ##ı, ##z]
books	10k	okumadım	[o, ##k, ##u, ##m, ##a, ##d, ##ı, ##m]
books	10k	evlerimiz	[e, ##v, ##l, ##e, ##r, ##i, ##m, ##i, ##z]
books	10k	evimiz	[e, ##v, ##i, ##m, ##i, ##z]
books	10k	evimizdeki	[e, ##v, ##i, ##m, ##i, ##z, ##d, ##e, ##k, ##i]
books	10k	evleriniz	[e, ##v, ##l, ##e, ##r, ##i, ##n, ##i, ##z]
books	10k	evlerimizden	[e, ##v, ##l, ##e, ##r, ##i, ##m, ##i, ##z, ##d, ##e, ##n]
books	10k	kitapçılardan	[k, ##i, ##t, ##a, ##p, ##ç, ##ı, ##l, ##a, ##r, ##d, ##a, ##n]
books	10k	gelmeyeceksiniz	[g, ##e, ##l, ##m, ##e, ##y, ##e, ##c, ##e, ##k, ##s, ##i, ##n, ##i, ##z]
books	10k	yazdırılmayacakmışsınız	[y, ##a, ##z, ##d, ##ı, ##r, ##ı, ##l, ##m, ##a, ##y, ##a, ##c, ##a, ##k, ##m, ##ı, ##ş, ##s, ##ı, ##n, ##ı, ##z]
books	10k	demokrasileştirmenin	[d, ##e, ##m, ##o, ##k, ##r, ##a, ##s, ##i, ##l, ##e, ##ş, ##t, ##i, ##r, ##m, ##e, ##n, ##i, ##n]
books	10k	Ankara’dan	[A, ##n, ##k, ##a, ##r, ##a, [UNK], d, ##a, ##n]
books	10k	İstanbul'uyla	[İ, ##s, ##t, ##a, ##n, ##b, ##u, ##l, ', u, ##y, ##l, ##a]
books	10k	İstanbul'a	[İ, ##s, ##t, ##a, ##n, ##b, ##u, ##l, ', a]
books	10k	İstanbul'da	[İ, ##s, ##t, ##a, ##n, ##b, ##u, ##l, ', d, ##a]
books	10k	İstanbul'dan	[İ, ##s, ##t, ##a, ##n, ##b, ##u, ##l, ', d, ##a, ##n]
books	10k	görülebilirdi	[g, ##ö, ##r, ##ü, ##l, ##e, ##b, ##i, ##l, ##i, ##r, ##d, ##i]
books	10k	çalıştırılabilir	[ç, ##a, ##l, ##ı, ##ş, ##t, ##ı, ##r, ##ı, ##l, ##a, ##b, ##i, ##l, ##i, ##r]
books	10k	kapkara	[k, ##a, ##p, ##k, ##a, ##r, ##a]
books	10k	Ankara'ya	[A, ##n, ##k, ##a, ##r, ##a, ', y, ##a]
books	10k	Ankara'dan	[A, ##n, ##k, ##a, ##r, ##a, ', d, ##a, ##n]
books	10k	Ankara'da	[A, ##n, ##k, ##a, ##r, ##a, ', d, ##a]
books	10k	1923'te	[1, ##9, ##2, ##3, ', t, ##e]
books	20k	ev	[ev]
books	20k	evim	[evi, ##m]
books	20k	evlerimiz	[ev, ##lerimiz]
books	20k	evde	[evde]
books	20k	evden	[evden]
books	20k	evdeki	[evde, ##ki]
books	20k	evdekiler	[evde, ##kiler]
books	20k	okudum	[oku, ##dum]
books	20k	okudu	[oku, ##du]
books	20k	okumak	[okuma, ##k]
books	20k	okuma	[okuma]
books	20k	okudum	[oku, ##dum]
books	20k	okudular	[oku, ##dular]
books	20k	okuduklarımız	[oku, ##dukları, ##mız]
books	20k	okumadım	[okuma, ##dım]
books	20k	evlerimiz	[ev, ##lerimiz]
books	20k	evimiz	[evi, ##mi, ##z]
books	20k	evimizdeki	[evi, ##mi, ##z, ##deki]
books	20k	evleriniz	[ev, ##leriniz]
books	20k	evlerimizden	[ev, ##lerimiz, ##den]
books	20k	kitapçılardan	[kitap, ##çılar, ##dan]
books	20k	gelmeyeceksiniz	[gelmeye, ##cek, ##siniz]
books	20k	yazdırılmayacakmışsınız	[yazdı, ##rı, ##l, ##mayacak, ##mış, ##sınız]
books	20k	demokrasileştirmenin	[demokrasi, ##leştirme, ##nin]
books	20k	Ankara’dan	[Ankara, [UNK], dan]
books	20k	İstanbul'uyla	[İstanbul, ', uy, ##la]
books	20k	İstanbul'a	[İstanbul, ', a]
books	20k	İstanbul'da	[İstanbul, ', da]
books	20k	İstanbul'dan	[İstanbul, ', dan]
books	20k	görülebilirdi	[görüle, ##bilirdi]
books	20k	çalıştırılabilir	[çalıştır, ##ıl, ##abilir]
books	20k	kapkara	[kap, ##kara]
books	20k	Ankara'ya	[Ankara, ', ya]
books	20k	Ankara'dan	[Ankara, ', dan]
books	20k	Ankara'da	[Ankara, ', da]
books	20k	1923'te	[192, ##3, ', te]
books	32k	ev	[ev]
books	32k	evim	[evi, ##m]
books	32k	evlerimiz	[evleri, ##mi, ##z]
books	32k	evde	[evde]
books	32k	evden	[evden]
books	32k	evdeki	[evdeki]
books	32k	evdekiler	[evdeki, ##ler]
books	32k	okudum	[okudum]
books	32k	okudu	[okudu]
books	32k	okumak	[okumak]
books	32k	okuma	[okuma]
books	32k	okudum	[okudum]
books	32k	okudular	[okudu, ##lar]
books	32k	okuduklarımız	[okudu, ##k, ##larımız]
books	32k	okumadım	[okuma, ##dım]
books	32k	evlerimiz	[evleri, ##mi, ##z]
books	32k	evimiz	[evi, ##mi, ##z]
books	32k	evimizdeki	[evi, ##mi, ##z, ##deki]
books	32k	evleriniz	[evlerin, ##iz]
books	32k	evlerimizden	[evleri, ##mi, ##z, ##den]
books	32k	kitapçılardan	[kitap, ##çılar, ##dan]
books	32k	gelmeyeceksiniz	[gelmeye, ##cek, ##siniz]
books	32k	yazdırılmayacakmışsınız	[yazdır, ##ılmaya, ##cak, ##mış, ##sınız]
books	32k	demokrasileştirmenin	[demokrasi, ##leştirme, ##nin]
books	32k	Ankara’dan	[Ankara, [UNK], dan]
books	32k	İstanbul'uyla	[İstanbul, ', uy, ##la]
books	32k	İstanbul'a	[İstanbul, ', a]
books	32k	İstanbul'da	[İstanbul, ', da]
books	32k	İstanbul'dan	[İstanbul, ', dan]
books	32k	görülebilirdi	[görülebilir, ##di]
books	32k	çalıştırılabilir	[çalıştır, ##ılabilir]
books	32k	kapkara	[kap, ##kara]
books	32k	Ankara'ya	[Ankara, ', ya]
books	32k	Ankara'dan	[Ankara, ', dan]
books	32k	Ankara'da	[Ankara, ', da]
books	32k	1923'te	[192, ##3, ', te]
books	52k	ev	[ev]
books	52k	evim	[evim]
books	52k	evlerimiz	[evleri, ##mi, ##z]
books	52k	evde	[evde]
books	52k	evden	[evden]
books	52k	evdeki	[evdeki]
books	52k	evdekiler	[evdeki, ##ler]
books	52k	okudum	[okudum]
books	52k	okudu	[okudu]
books	52k	okumak	[okumak]
books	52k	okuma	[okuma]
books	52k	okudum	[okudum]
books	52k	okudular	[okudu, ##lar]
books	52k	okuduklarımız	[okuduk, ##larımız]
books	52k	okumadım	[okuma, ##dım]
books	52k	evlerimiz	[evleri, ##mi, ##z]
books	52k	evimiz	[evim, ##iz]
books	52k	evimizdeki	[evim, ##izdeki]
books	52k	evleriniz	[evlerini, ##z]
books	52k	evlerimizden	[evleri, ##mi, ##z, ##den]
books	52k	kitapçılardan	[kitapçı, ##lardan]
books	52k	gelmeyeceksiniz	[gelmeyecek, ##siniz]
books	52k	yazdırılmayacakmışsınız	[yazdır, ##ılmayacak, ##mışsın, ##ız]
books	52k	demokrasileştirmenin	[demokrasi, ##leştirme, ##nin]
books	52k	Ankara’dan	[Ankara, [UNK], dan]
books	52k	İstanbul'uyla	[İstanbul, ', uy, ##la]
books	52k	İstanbul'a	[İstanbul, ', a]
books	52k	İstanbul'da	[İstanbul, ', da]
books	52k	İstanbul'dan	[İstanbul, ', dan]
books	52k	görülebilirdi	[görülebilir, ##di]
books	52k	çalıştırılabilir	[çalıştır, ##ılabilir]
books	52k	kapkara	[kapkara]
books	52k	Ankara'ya	[Ankara, ', ya]
books	52k	Ankara'dan	[Ankara, ', dan]
books	52k	Ankara'da	[Ankara, ', da]
books	52k	1923'te	[1923, ', te]
books	128k	ev	[ev]
books	128k	evim	[evim]
books	128k	evlerimiz	[evleri, ##miz]
books	128k	evde	[evde]
books	128k	evden	[evden]
books	128k	evdeki	[evdeki]
books	128k	evdekiler	[evdeki, ##ler]
books	128k	okudum	[okudum]
books	128k	okudu	[okudu]
books	128k	okumak	[okumak]
books	128k	okuma	[okuma]
books	128k	okudum	[okudum]
books	128k	okudular	[okudular]
books	128k	okuduklarımız	[okudukları, ##mız]
books	128k	okumadım	[okumadım]
books	128k	evlerimiz	[evleri, ##miz]
books	128k	evimiz	[evimiz]
books	128k	evimizdeki	[evimizde, ##ki]
books	128k	evleriniz	[evlerini, ##z]
books	128k	evlerimizden	[evlerimizde, ##n]
books	128k	kitapçılardan	[kitapçı, ##lardan]
books	128k	gelmeyeceksiniz	[gelmeyecek, ##siniz]
books	128k	yazdırılmayacakmışsınız	[yazdır, ##ılmayacak, ##mışsınız]
books	128k	demokrasileştirmenin	[demokrasi, ##leştirmenin]
books	128k	Ankara’dan	[Ankara, [UNK], dan]
books	128k	İstanbul'uyla	[İstanbul, ', uyla]
books	128k	İstanbul'a	[İstanbul, ', a]
books	128k	İstanbul'da	[İstanbul, ', da]
books	128k	İstanbul'dan	[İstanbul, ', dan]
books	128k	görülebilirdi	[görülebilirdi]
books	128k	çalıştırılabilir	[çalıştır, ##ılabilir]
books	128k	kapkara	[kapkara]
books	128k	Ankara'ya	[Ankara, ', ya]
books	128k	Ankara'dan	[Ankara, ', dan]
books	128k	Ankara'da	[Ankara, ', da]
books	128k	1923'te	[1923, ', te]
oldbooks	2k	ev	[e, ##v]
oldbooks	2k	evim	[e, ##v, ##i, ##m]
oldbooks	2k	evlerimiz	[e, ##v, ##l, ##e, ##r, ##i, ##m, ##i, ##z]
oldbooks	2k	evde	[e, ##v, ##d, ##e]
oldbooks	2k	evden	[e, ##v, ##d, ##e, ##n]
oldbooks	2k	evdeki	[e, ##v, ##d, ##e, ##k, ##i]
oldbooks	2k	evdekiler	[e, ##v, ##d, ##e, ##k, ##i, ##l, ##e, ##r]
oldbooks	2k	okudum	[o, ##k, ##u, ##d, ##u, ##m]
oldbooks	2k	okudu	[o, ##k, ##u, ##d, ##u]
oldbooks	2k	okumak	[o, ##k, ##u, ##m, ##a, ##k]
oldbooks	2k	okuma	[o, ##k, ##u, ##m, ##a]
oldbooks	2k	okudum	[o, ##k, ##u, ##d, ##u, ##m]
oldbooks	2k	okudular	[o, ##k, ##u, ##d, ##u, ##l, ##a, ##r]
oldbooks	2k	okuduklarımız	[o, ##k, ##u, ##d, ##u, ##k, ##l, ##a, ##r, ##ı, ##m, ##ı, ##z]
oldbooks	2k	okumadım	[o, ##k, ##u, ##m, ##a, ##d, ##ı, ##m]
oldbooks	2k	evlerimiz	[e, ##v, ##l, ##e, ##r, ##i, ##m, ##i, ##z]
oldbooks	2k	evimiz	[e, ##v, ##i, ##m, ##i, ##z]
oldbooks	2k	evimizdeki	[e, ##v, ##i, ##m, ##i, ##z, ##d, ##e, ##k, ##i]
oldbooks	2k	evleriniz	[e, ##v, ##l, ##e, ##r, ##i, ##n, ##i, ##z]
oldbooks	2k	evlerimizden	[e, ##v, ##l, ##e, ##r, ##i, ##m, ##i, ##z, ##d, ##e, ##n]
oldbooks	2k	kitapçılardan	[k, ##i, ##t, ##a, ##p, ##ç, ##ı, ##l, ##a, ##r, ##d, ##a, ##n]
oldbooks	2k	gelmeyeceksiniz	[g, ##e, ##l, ##m, ##e, ##y, ##e, ##c, ##e, ##k, ##s, ##i, ##n, ##i, ##z]
oldbooks	2k	yazdırılmayacakmışsınız	[y, ##a, ##z, ##d, ##ı, ##r, ##ı, ##l, ##m, ##a, ##y, ##a, ##c, ##a, ##k, ##m, ##ı, ##ş, ##s, ##ı, ##n, ##ı, ##z]
oldbooks	2k	demokrasileştirmenin	[d, ##e, ##m, ##o, ##k, ##r, ##a, ##s, ##i, ##l, ##e, ##ş, ##t, ##i, ##r, ##m, ##e, ##n, ##i, ##n]
oldbooks	2k	Ankara’dan	[A, ##n, ##k, ##a, ##r, ##a, [UNK], d, ##a, ##n]
oldbooks	2k	İstanbul'uyla	[İ, ##s, ##t, ##a, ##n, ##b, ##u, ##l, ', u, ##y, ##l, ##a]
oldbooks	2k	İstanbul'a	[İ, ##s, ##t, ##a, ##n, ##b, ##u, ##l, ', a]
oldbooks	2k	İstanbul'da	[İ, ##s, ##t, ##a, ##n, ##b, ##u, ##l, ', d, ##a]
oldbooks	2k	İstanbul'dan	[İ, ##s, ##t, ##a, ##n, ##b, ##u, ##l, ', d, ##a, ##n]
oldbooks	2k	görülebilirdi	[g, ##ö, ##r, ##ü, ##l, ##e, ##b, ##i, ##l, ##i, ##r, ##d, ##i]
oldbooks	2k	çalıştırılabilir	[ç, ##a, ##l, ##ı, ##ş, ##t, ##ı, ##r, ##ı, ##l, ##a, ##b, ##i, ##l, ##i, ##r]
oldbooks	2k	kapkara	[k, ##a, ##p, ##k, ##a, ##r, ##a]
oldbooks	2k	Ankara'ya	[A, ##n, ##k, ##a, ##r, ##a, ', y, ##a]
oldbooks	2k	Ankara'dan	[A, ##n, ##k, ##a, ##r, ##a, ', d, ##a, ##n]
oldbooks	2k	Ankara'da	[A, ##n, ##k, ##a, ##r, ##a, ', d, ##a]
oldbooks	2k	1923'te	[1, ##9, ##2, ##3, ', t, ##e]
oldbooks	5k	ev	[e, ##v]
oldbooks	5k	evim	[e, ##v, ##i, ##m]
oldbooks	5k	evlerimiz	[e, ##v, ##l, ##e, ##r, ##i, ##m, ##i, ##z]
oldbooks	5k	evde	[e, ##v, ##d, ##e]
oldbooks	5k	evden	[e, ##v, ##d, ##e, ##n]
oldbooks	5k	evdeki	[e, ##v, ##d, ##e, ##k, ##i]
oldbooks	5k	evdekiler	[e, ##v, ##d, ##e, ##k, ##i, ##l, ##e, ##r]
oldbooks	5k	okudum	[o, ##k, ##u, ##d, ##u, ##m]
oldbooks	5k	okudu	[o, ##k, ##u, ##d, ##u]
oldbooks	5k	okumak	[o, ##k, ##u, ##m, ##a, ##k]
oldbooks	5k	okuma	[o, ##k, ##u, ##m, ##a]
oldbooks	5k	okudum	[o, ##k, ##u, ##d, ##u, ##m]
oldbooks	5k	okudular	[o, ##k, ##u, ##d, ##u, ##l, ##a, ##r]
oldbooks	5k	okuduklarımız	[o, ##k, ##u, ##d, ##u, ##k, ##l, ##a, ##r, ##ı, ##m, ##ı, ##z]
oldbooks	5k	okumadım	[o, ##k, ##u, ##m, ##a, ##d, ##ı, ##m]
oldbooks	5k	evlerimiz	[e, ##v, ##l, ##e, ##r, ##i, ##m, ##i, ##z]
oldbooks	5k	evimiz	[e, ##v, ##i, ##m, ##i, ##z]
oldbooks	5k	evimizdeki	[e, ##v, ##i, ##m, ##i, ##z, ##d, ##e, ##k, ##i]
oldbooks	5k	evleriniz	[e, ##v, ##l, ##e, ##r, ##i, ##n, ##i, ##z]
oldbooks	5k	evlerimizden	[e, ##v, ##l, ##e, ##r, ##i, ##m, ##i, ##z, ##d, ##e, ##n]
oldbooks	5k	kitapçılardan	[k, ##i, ##t, ##a, ##p, ##ç, ##ı, ##l, ##a, ##r, ##d, ##a, ##n]
oldbooks	5k	gelmeyeceksiniz	[g, ##e, ##l, ##m, ##e, ##y, ##e, ##c, ##e, ##k, ##s, ##i, ##n, ##i, ##z]
oldbooks	5k	yazdırılmayacakmışsınız	[y, ##a, ##z, ##d, ##ı, ##r, ##ı, ##l, ##m, ##a, ##y, ##a, ##c, ##a, ##k, ##m, ##ı, ##ş, ##s, ##ı, ##n, ##ı, ##z]
oldbooks	5k	demokrasileştirmenin	[d, ##e, ##m, ##o, ##k, ##r, ##a, ##s, ##i, ##l, ##e, ##ş, ##t, ##i, ##r, ##m, ##e, ##n, ##i, ##n]
oldbooks	5k	Ankara’dan	[A, ##n, ##k, ##a, ##r, ##a, [UNK], d, ##a, ##n]
oldbooks	5k	İstanbul'uyla	[İ, ##s, ##t, ##a, ##n, ##b, ##u, ##l, ', u, ##y, ##l, ##a]
oldbooks	5k	İstanbul'a	[İ, ##s, ##t, ##a, ##n, ##b, ##u, ##l, ', a]
oldbooks	5k	İstanbul'da	[İ, ##s, ##t, ##a, ##n, ##b, ##u, ##l, ', d, ##a]
oldbooks	5k	İstanbul'dan	[İ, ##s, ##t, ##a, ##n, ##b, ##u, ##l, ', d, ##a, ##n]
oldbooks	5k	görülebilirdi	[g, ##ö, ##r, ##ü, ##l, ##e, ##b, ##i, ##l, ##i, ##r, ##d, ##i]
oldbooks	5k	çalıştırılabilir	[ç, ##a, ##l, ##ı, ##ş, ##t, ##ı, ##r, ##ı, ##l, ##a, ##b, ##i, ##l, ##i, ##r]
oldbooks	5k	kapkara	[k, ##a, ##p, ##k, ##a, ##r, ##a]
oldbooks	5k	Ankara'ya	[A, ##n, ##k, ##a, ##r, ##a, ', y, ##a]
oldbooks	5k	Ankara'dan	[A, ##n, ##k, ##a, ##r, ##a, ', d, ##a, ##n]
oldbooks	5k	Ankara'da	[A, ##n, ##k, ##a, ##r, ##a, ', d, ##a]
oldbooks	5k	1923'te	[1, ##9, ##2, ##3, ', t, ##e]
oldbooks	10k	ev	[e, ##v]
oldbooks	10k	evim	[e, ##v, ##i, ##m]
oldbooks	10k	evlerimiz	[e, ##v, ##l, ##e, ##r, ##i, ##m, ##i, ##z]
oldbooks	10k	evde	[e, ##v, ##d, ##e]
oldbooks	10k	evden	[e, ##v, ##d, ##e, ##n]
oldbooks	10k	evdeki	[e, ##v, ##d, ##e, ##k, ##i]
oldbooks	10k	evdekiler	[e, ##v, ##d, ##e, ##k, ##i, ##l, ##e, ##r]
oldbooks	10k	okudum	[o, ##k, ##u, ##d, ##u, ##m]
oldbooks	10k	okudu	[o, ##k, ##u, ##d, ##u]
oldbooks	10k	okumak	[o, ##k, ##u, ##m, ##a, ##k]
oldbooks	10k	okuma	[o, ##k, ##u, ##m, ##a]
oldbooks	10k	okudum	[o, ##k, ##u, ##d, ##u, ##m]
oldbooks	10k	okudular	[o, ##k, ##u, ##d, ##u, ##l, ##a, ##r]
oldbooks	10k	okuduklarımız	[o, ##k, ##u, ##d, ##u, ##k, ##l, ##a, ##r, ##ı, ##m, ##ı, ##z]
oldbooks	10k	okumadım	[o, ##k, ##u, ##m, ##a, ##d, ##ı, ##m]
oldbooks	10k	evlerimiz	[e, ##v, ##l, ##e, ##r, ##i, ##m, ##i, ##z]
oldbooks	10k	evimiz	[e, ##v, ##i, ##m, ##i, ##z]
oldbooks	10k	evimizdeki	[e, ##v, ##i, ##m, ##i, ##z, ##d, ##e, ##k, ##i]
oldbooks	10k	evleriniz	[e, ##v, ##l, ##e, ##r, ##i, ##n, ##i, ##z]
oldbooks	10k	evlerimizden	[e, ##v, ##l, ##e, ##r, ##i, ##m, ##i, ##z, ##d, ##e, ##n]
oldbooks	10k	kitapçılardan	[k, ##i, ##t, ##a, ##p, ##ç, ##ı, ##l, ##a, ##r, ##d, ##a, ##n]
oldbooks	10k	gelmeyeceksiniz	[g, ##e, ##l, ##m, ##e, ##y, ##e, ##c, ##e, ##k, ##s, ##i, ##n, ##i, ##z]
oldbooks	10k	yazdırılmayacakmışsınız	[y, ##a, ##z, ##d, ##ı, ##r, ##ı, ##l, ##m, ##a, ##y, ##a, ##c, ##a, ##k, ##m, ##ı, ##ş, ##s, ##ı, ##n, ##ı, ##z]
oldbooks	10k	demokrasileştirmenin	[d, ##e, ##m, ##o, ##k, ##r, ##a, ##s, ##i, ##l, ##e, ##ş, ##t, ##i, ##r, ##m, ##e, ##n, ##i, ##n]
oldbooks	10k	Ankara’dan	[A, ##n, ##k, ##a, ##r, ##a, [UNK], d, ##a, ##n]
oldbooks	10k	İstanbul'uyla	[İ, ##s, ##t, ##a, ##n, ##b, ##u, ##l, ', u, ##y, ##l, ##a]
oldbooks	10k	İstanbul'a	[İ, ##s, ##t, ##a, ##n, ##b, ##u, ##l, ', a]
oldbooks	10k	İstanbul'da	[İ, ##s, ##t, ##a, ##n, ##b, ##u, ##l, ', d, ##a]
oldbooks	10k	İstanbul'dan	[İ, ##s, ##t, ##a, ##n, ##b, ##u, ##l, ', d, ##a, ##n]
oldbooks	10k	görülebilirdi	[g, ##ö, ##r, ##ü, ##l, ##e, ##b, ##i, ##l, ##i, ##r, ##d, ##i]
oldbooks	10k	çalıştırılabilir	[ç, ##a, ##l, ##ı, ##ş, ##t, ##ı, ##r, ##ı, ##l, ##a, ##b, ##i, ##l, ##i, ##r]
oldbooks	10k	kapkara	[k, ##a, ##p, ##k, ##a, ##r, ##a]
oldbooks	10k	Ankara'ya	[A, ##n, ##k, ##a, ##r, ##a, ', y, ##a]
oldbooks	10k	Ankara'dan	[A, ##n, ##k, ##a, ##r, ##a, ', d, ##a, ##n]
oldbooks	10k	Ankara'da	[A, ##n, ##k, ##a, ##r, ##a, ', d, ##a]
oldbooks	10k	1923'te	[1, ##9, ##2, ##3, ', t, ##e]
oldbooks	20k	ev	[e, ##v]
oldbooks	20k	evim	[e, ##v, ##i, ##m]
oldbooks	20k	evlerimiz	[e, ##v, ##l, ##e, ##r, ##i, ##m, ##i, ##z]
oldbooks	20k	evde	[e, ##v, ##d, ##e]
oldbooks	20k	evden	[e, ##v, ##d, ##e, ##n]
oldbooks	20k	evdeki	[e, ##v, ##d, ##e, ##k, ##i]
oldbooks	20k	evdekiler	[e, ##v, ##d, ##e, ##k, ##i, ##l, ##e, ##r]
oldbooks	20k	okudum	[o, ##k, ##u, ##d, ##u, ##m]
oldbooks	20k	okudu	[o, ##k, ##u, ##d, ##u]
oldbooks	20k	okumak	[o, ##k, ##u, ##m, ##a, ##k]
oldbooks	20k	okuma	[o, ##k, ##u, ##m, ##a]
oldbooks	20k	okudum	[o, ##k, ##u, ##d, ##u, ##m]
oldbooks	20k	okudular	[o, ##k, ##u, ##d, ##u, ##l, ##a, ##r]
oldbooks	20k	okuduklarımız	[o, ##k, ##u, ##d, ##u, ##k, ##l, ##a, ##r, ##ı, ##m, ##ı, ##z]
oldbooks	20k	okumadım	[o, ##k, ##u, ##m, ##a, ##d, ##ı, ##m]
oldbooks	20k	evlerimiz	[e, ##v, ##l, ##e, ##r, ##i, ##m, ##i, ##z]
oldbooks	20k	evimiz	[e, ##v, ##i, ##m, ##i, ##z]
oldbooks	20k	evimizdeki	[e, ##v, ##i, ##m, ##i, ##z, ##d, ##e, ##k, ##i]
oldbooks	20k	evleriniz	[e, ##v, ##l, ##e, ##r, ##i, ##n, ##i, ##z]
oldbooks	20k	evlerimizden	[e, ##v, ##l, ##e, ##r, ##i, ##m, ##i, ##z, ##d, ##e, ##n]
oldbooks	20k	kitapçılardan	[k, ##i, ##t, ##a, ##p, ##ç, ##ı, ##l, ##a, ##r, ##d, ##a, ##n]
oldbooks	20k	gelmeyeceksiniz	[g, ##e, ##l, ##m, ##e, ##y, ##e, ##c, ##e, ##k, ##s, ##i, ##n, ##i, ##z]
oldbooks	20k	yazdırılmayacakmışsınız	[y, ##a, ##z, ##d, ##ı, ##r, ##ı, ##l, ##m, ##a, ##y, ##a, ##c, ##a, ##k, ##m, ##ı, ##ş, ##s, ##ı, ##n, ##ı, ##z]
oldbooks	20k	demokrasileştirmenin	[d, ##e, ##m, ##o, ##k, ##r, ##a, ##s, ##i, ##l, ##e, ##ş, ##t, ##i, ##r, ##m, ##e, ##n, ##i, ##n]
oldbooks	20k	Ankara’dan	[A, ##n, ##k, ##a, ##r, ##a, [UNK], d, ##a, ##n]
oldbooks	20k	İstanbul'uyla	[İ, ##s, ##t, ##a, ##n, ##b, ##u, ##l, ', u, ##y, ##l, ##a]
oldbooks	20k	İstanbul'a	[İ, ##s, ##t, ##a, ##n, ##b, ##u, ##l, ', a]
oldbooks	20k	İstanbul'da	[İ, ##s, ##t, ##a, ##n, ##b, ##u, ##l, ', d, ##a]
oldbooks	20k	İstanbul'dan	[İ, ##s, ##t, ##a, ##n, ##b, ##u, ##l, ', d, ##a, ##n]
oldbooks	20k	görülebilirdi	[g, ##ö, ##r, ##ü, ##l, ##e, ##b, ##i, ##l, ##i, ##r, ##d, ##i]
oldbooks	20k	çalıştırılabilir	[ç, ##a, ##l, ##ı, ##ş, ##t, ##ı, ##r, ##ı, ##l, ##a, ##b, ##i, ##l, ##i, ##r]
oldbooks	20k	kapkara	[k, ##a, ##p, ##k, ##a, ##r, ##a]
oldbooks	20k	Ankara'ya	[A, ##n, ##k, ##a, ##r, ##a, ', y, ##a]
oldbooks	20k	Ankara'dan	[A, ##n, ##k, ##a, ##r, ##a, ', d, ##a, ##n]
oldbooks	20k	Ankara'da	[A, ##n, ##k, ##a, ##r, ##a, ', d, ##a]
oldbooks	20k	1923'te	[1, ##9, ##2, ##3, ', t, ##e]
oldbooks	32k	ev	[ev]
oldbooks	32k	evim	[ev, ##im]
oldbooks	32k	evlerimiz	[ev, ##lerimiz]
oldbooks	32k	evde	[evde]
oldbooks	32k	evden	[evde, ##n]
oldbooks	32k	evdeki	[evde, ##ki]
oldbooks	32k	evdekiler	[evde, ##kiler]
oldbooks	32k	okudum	[oku, ##dum]
oldbooks	32k	okudu	[oku, ##du]
oldbooks	32k	okumak	[okuma, ##k]
oldbooks	32k	okuma	[okuma]
oldbooks	32k	okudum	[oku, ##dum]
oldbooks	32k	okudular	[oku, ##dular]
oldbooks	32k	okuduklarımız	[oku, ##dukları, ##mız]
oldbooks	32k	okumadım	[okuma, ##dım]
oldbooks	32k	evlerimiz	[ev, ##lerimiz]
oldbooks	32k	evimiz	[ev, ##imiz]
oldbooks	32k	evimizdeki	[ev, ##imizde, ##ki]
oldbooks	32k	evleriniz	[ev, ##leriniz]
oldbooks	32k	evlerimizden	[ev, ##lerimiz, ##den]
oldbooks	32k	kitapçılardan	[kitap, ##çı, ##lardan]
oldbooks	32k	gelmeyeceksiniz	[gel, ##meyecek, ##siniz]
oldbooks	32k	yazdırılmayacakmışsınız	[yaz, ##dır, ##ılma, ##yacak, ##mış, ##sınız]
oldbooks	32k	demokrasileştirmenin	[demokra, ##sil, ##eş, ##tir, ##menin]
oldbooks	32k	Ankara’dan	[Ankara, [UNK], dan]
oldbooks	32k	İstanbul'uyla	[İstanbul, ', uy, ##la]
oldbooks	32k	İstanbul'a	[İstanbul, ', a]
oldbooks	32k	İstanbul'da	[İstanbul, ', da]
oldbooks	32k	İstanbul'dan	[İstanbul, ', dan]
oldbooks	32k	görülebilirdi	[görül, ##ebilir, ##di]
oldbooks	32k	çalıştırılabilir	[çalıştı, ##rı, ##labilir]
oldbooks	32k	kapkara	[kap, ##kara]
oldbooks	32k	Ankara'ya	[Ankara, ', ya]
oldbooks	32k	Ankara'dan	[Ankara, ', dan]
oldbooks	32k	Ankara'da	[Ankara, ', da]
oldbooks	32k	1923'te	[192, ##3, ', te]
oldbooks	52k	ev	[ev]
oldbooks	52k	evim	[evi, ##m]
oldbooks	52k	evlerimiz	[evleri, ##mi, ##z]
oldbooks	52k	evde	[evde]
oldbooks	52k	evden	[evden]
oldbooks	52k	evdeki	[evdeki]
oldbooks	52k	evdekiler	[evdeki, ##ler]
oldbooks	52k	okudum	[okudum]
oldbooks	52k	okudu	[okudu]
oldbooks	52k	okumak	[okumak]
oldbooks	52k	okuma	[okuma]
oldbooks	52k	okudum	[okudum]
oldbooks	52k	okudular	[okudu, ##lar]
oldbooks	52k	okuduklarımız	[okudu, ##k, ##larımız]
oldbooks	52k	okumadım	[okuma, ##dım]
oldbooks	52k	evlerimiz	[evleri, ##mi, ##z]
oldbooks	52k	evimiz	[evi, ##mi, ##z]
oldbooks	52k	evimizdeki	[evi, ##mi, ##z, ##deki]
oldbooks	52k	evleriniz	[evlerini, ##z]
oldbooks	52k	evlerimizden	[evleri, ##mi, ##z, ##den]
oldbooks	52k	kitapçılardan	[kitapçı, ##lardan]
oldbooks	52k	gelmeyeceksiniz	[gelmeyecek, ##siniz]
oldbooks	52k	yazdırılmayacakmışsınız	[yazdır, ##ılmaya, ##cak, ##mış, ##sınız]
oldbooks	52k	demokrasileştirmenin	[demokrasi, ##leştirme, ##nin]
oldbooks	52k	Ankara’dan	[Ankara, [UNK], dan]
oldbooks	52k	İstanbul'uyla	[İstanbul, ', uy, ##la]
oldbooks	52k	İstanbul'a	[İstanbul, ', a]
oldbooks	52k	İstanbul'da	[İstanbul, ', da]
oldbooks	52k	İstanbul'dan	[İstanbul, ', dan]
oldbooks	52k	görülebilirdi	[görülebilir, ##di]
oldbooks	52k	çalıştırılabilir	[çalıştır, ##ılabilir]
oldbooks	52k	kapkara	[kapkara]
oldbooks	52k	Ankara'ya	[Ankara, ', ya]
oldbooks	52k	Ankara'dan	[Ankara, ', dan]
oldbooks	52k	Ankara'da	[Ankara, ', da]
oldbooks	52k	1923'te	[1923, ', te]
oldbooks	128k	ev	[ev]
oldbooks	128k	evim	[evim]
oldbooks	128k	evlerimiz	[evleri, ##miz]
oldbooks	128k	evde	[evde]
oldbooks	128k	evden	[evden]
oldbooks	128k	evdeki	[evdeki]
oldbooks	128k	evdekiler	[evdeki, ##ler]
oldbooks	128k	okudum	[okudum]
oldbooks	128k	okudu	[okudu]
oldbooks	128k	okumak	[okumak]
oldbooks	128k	okuma	[okuma]
oldbooks	128k	okudum	[okudum]
oldbooks	128k	okudular	[okudular]
oldbooks	128k	okuduklarımız	[okudukları, ##mız]
oldbooks	128k	okumadım	[okumadım]
oldbooks	128k	evlerimiz	[evleri, ##miz]
oldbooks	128k	evimiz	[evimiz]
oldbooks	128k	evimizdeki	[evimizde, ##ki]
oldbooks	128k	evleriniz	[evlerini, ##z]
oldbooks	128k	evlerimizden	[evleri, ##miz, ##den]
oldbooks	128k	kitapçılardan	[kitapçı, ##lardan]
oldbooks	128k	gelmeyeceksiniz	[gelmeyecek, ##siniz]
oldbooks	128k	yazdırılmayacakmışsınız	[yazdır, ##ılmayacak, ##mışsınız]
oldbooks	128k	demokrasileştirmenin	[demokrasi, ##leştirmenin]
oldbooks	128k	Ankara’dan	[Ankara, [UNK], dan]
oldbooks	128k	İstanbul'uyla	[İstanbul, ', uyla]
oldbooks	128k	İstanbul'a	[İstanbul, ', a]
oldbooks	128k	İstanbul'da	[İstanbul, ', da]
oldbooks	128k	İstanbul'dan	[İstanbul, ', dan]
oldbooks	128k	görülebilirdi	[görülebilirdi]
oldbooks	128k	çalıştırılabilir	[çalıştır, ##ılabilir]
oldbooks	128k	kapkara	[kapkara]
oldbooks	128k	Ankara'ya	[Ankara, ', ya]
oldbooks	128k	Ankara'dan	[Ankara, ', dan]
oldbooks	128k	Ankara'da	[Ankara, ', da]
oldbooks	128k	1923'te	[1923, ', te]
minimal	2k	ev	[ev]
minimal	2k	evim	[ev, ##im]
minimal	2k	evlerimiz	[ev, ##leri, ##mi, ##z]
minimal	2k	evde	[ev, ##de]
minimal	2k	evden	[ev, ##den]
minimal	2k	evdeki	[ev, ##deki]
minimal	2k	evdekiler	[ev, ##deki, ##ler]
minimal	2k	okudum	[oku, ##dum]
minimal	2k	okudu	[oku, ##du]
minimal	2k	okumak	[oku, ##mak]
minimal	2k	okuma	[oku, ##ma]
minimal	2k	okudum	[oku, ##dum]
minimal	2k	okudular	[oku, ##du, ##lar]
minimal	2k	okuduklarımız	[oku, ##duk, ##larımız]
minimal	2k	okumadım	[oku, ##madı, ##m]
minimal	2k	evlerimiz	[ev, ##leri, ##mi, ##z]
minimal	2k	evimiz	[ev, ##imiz]
minimal	2k	evimizdeki	[ev, ##imiz, ##deki]
minimal	2k	evleriniz	[ev, ##lerini, ##z]
minimal	2k	evlerimizden	[ev, ##leri, ##mi, ##z, ##den]
minimal	2k	kitapçılardan	[kitap, ##çı, ##lardan]
minimal	2k	gelmeyeceksiniz	[gel, ##meye, ##cek, ##siniz]
minimal	2k	yazdırılmayacakmışsınız	[yaz, ##dır, ##ıl, ##maya, ##cak, ##mış, ##sınız]
minimal	2k	demokrasileştirmenin	[de, ##m, ##okr, ##as, ##ile, ##ş, ##tir, ##men, ##in]
minimal	2k	Ankara’dan	[Ankara, [UNK], dan]
minimal	2k	İstanbul'uyla	[İstanbul, ', uy, ##la]
minimal	2k	İstanbul'a	[İstanbul, ', a]
minimal	2k	İstanbul'da	[İstanbul, ', da]
minimal	2k	İstanbul'dan	[İstanbul, ', dan]
minimal	2k	görülebilirdi	[görül, ##ebilir, ##di]
minimal	2k	çalıştırılabilir	[çalış, ##tır, ##ıla, ##bilir]
minimal	2k	kapkara	[kap, ##ka, ##ra]
minimal	2k	Ankara'ya	[Ankara, ', ya]
minimal	2k	Ankara'dan	[Ankara, ', dan]
minimal	2k	Ankara'da	[Ankara, ', da]
minimal	2k	1923'te	[19, ##2, ##3, ', te]
minimal	5k	ev	[ev]
minimal	5k	evim	[ev, ##im]
minimal	5k	evlerimiz	[ev, ##lerimiz]
minimal	5k	evde	[evde]
minimal	5k	evden	[evde, ##n]
minimal	5k	evdeki	[evde, ##ki]
minimal	5k	evdekiler	[evde, ##kiler]
minimal	5k	okudum	[oku, ##dum]
minimal	5k	okudu	[oku, ##du]
minimal	5k	okumak	[oku, ##mak]
minimal	5k	okuma	[oku, ##ma]
minimal	5k	okudum	[oku, ##dum]
minimal	5k	okudular	[oku, ##dul, ##ar]
minimal	5k	okuduklarımız	[oku, ##duk, ##larımız]
minimal	5k	okumadım	[oku, ##madım]
minimal	5k	evlerimiz	[ev, ##lerimiz]
minimal	5k	evimiz	[ev, ##imiz]
minimal	5k	evimizdeki	[ev, ##imizde, ##ki]
minimal	5k	evleriniz	[ev, ##lerini, ##z]
minimal	5k	evlerimizden	[ev, ##lerimiz, ##den]
minimal	5k	kitapçılardan	[kitap, ##çı, ##lardan]
minimal	5k	gelmeyeceksiniz	[gel, ##meyecek, ##siniz]
minimal	5k	yazdırılmayacakmışsınız	[yaz, ##dır, ##ılma, ##yacak, ##mış, ##sınız]
minimal	5k	demokrasileştirmenin	[demokr, ##asi, ##leştir, ##menin]
minimal	5k	Ankara’dan	[Ankara, [UNK], dan]
minimal	5k	İstanbul'uyla	[İstanbul, ', uy, ##la]
minimal	5k	İstanbul'a	[İstanbul, ', a]
minimal	5k	İstanbul'da	[İstanbul, ', da]
minimal	5k	İstanbul'dan	[İstanbul, ', dan]
minimal	5k	görülebilirdi	[görül, ##ebilir, ##di]
minimal	5k	çalıştırılabilir	[çalış, ##tır, ##ılabilir]
minimal	5k	kapkara	[kap, ##kar, ##a]
minimal	5k	Ankara'ya	[Ankara, ', ya]
minimal	5k	Ankara'dan	[Ankara, ', dan]
minimal	5k	Ankara'da	[Ankara, ', da]
minimal	5k	1923'te	[19, ##2, ##3, ', te]
minimal	10k	ev	[ev]
minimal	10k	evim	[evi, ##m]
minimal	10k	evlerimiz	[ev, ##lerimiz]
minimal	10k	evde	[evde]
minimal	10k	evden	[evden]
minimal	10k	evdeki	[evde, ##ki]
minimal	10k	evdekiler	[evde, ##kiler]
minimal	10k	okudum	[oku, ##dum]
minimal	10k	okudu	[oku, ##du]
minimal	10k	okumak	[okumak]
minimal	10k	okuma	[okuma]
minimal	10k	okudum	[oku, ##dum]
minimal	10k	okudular	[oku, ##dular]
minimal	10k	okuduklarımız	[oku, ##dukları, ##mız]
minimal	10k	okumadım	[okuma, ##dım]
minimal	10k	evlerimiz	[ev, ##lerimiz]
minimal	10k	evimiz	[evi, ##mi, ##z]
minimal	10k	evimizdeki	[evi, ##mi, ##z, ##deki]
minimal	10k	evleriniz	[ev, ##leriniz]
minimal	10k	evlerimizden	[ev, ##lerimiz, ##den]
minimal	10k	kitapçılardan	[kitap, ##çılar, ##dan]
minimal	10k	gelmeyeceksiniz	[gelmeye, ##cek, ##siniz]
minimal	10k	yazdırılmayacakmışsınız	[yazdı, ##rı, ##l, ##mayacak, ##mış, ##sınız]
minimal	10k	demokrasileştirmenin	[demokrasi, ##leştirme, ##ni, ##n]
minimal	10k	Ankara’dan	[Ankara, [UNK], dan]
minimal	10k	İstanbul'uyla	[İstanbul, ', uy, ##la]
minimal	10k	İstanbul'a	[İstanbul, ', a]
minimal	10k	İstanbul'da	[İstanbul, ', da]
minimal	10k	İstanbul'dan	[İstanbul, ', dan]
minimal	10k	görülebilirdi	[görül, ##ebilir, ##di]
minimal	10k	çalıştırılabilir	[çalıştır, ##ılabilir]
minimal	10k	kapkara	[kap, ##kar, ##a]
minimal	10k	Ankara'ya	[Ankara, ', ya]
minimal	10k	Ankara'dan	[Ankara, ', dan]
minimal	10k	Ankara'da	[Ankara, ', da]
minimal	10k	1923'te	[192, ##3, ', te]
minimal	20k	ev	[ev]
minimal	20k	evim	[evi, ##m]
minimal	20k	evlerimiz	[evleri, ##mi, ##z]
minimal	20k	evde	[evde]
minimal	20k	evden	[evden]
minimal	20k	evdeki	[evde, ##ki]
minimal	20k	evdekiler	[evde, ##kiler]
minimal	20k	okudum	[okudum]
minimal	20k	okudu	[okudu]
minimal	20k	okumak	[okumak]
minimal	20k	okuma	[okuma]
minimal	20k	okudum	[okudum]
minimal	20k	okudular	[okudu, ##lar]
minimal	20k	okuduklarımız	[okudu, ##k, ##larımız]
minimal	20k	okumadım	[okuma, ##dım]
minimal	20k	evlerimiz	[evleri, ##mi, ##z]
minimal	20k	evimiz	[evi, ##mi, ##z]
minimal	20k	evimizdeki	[evi, ##mi, ##z, ##deki]
minimal	20k	evleriniz	[evlerin, ##iz]
minimal	20k	evlerimizden	[evleri, ##mi, ##z, ##den]
minimal	20k	kitapçılardan	[kitap, ##çılar, ##dan]
minimal	20k	gelmeyeceksiniz	[gelmeye, ##cek, ##siniz]
minimal	20k	yazdırılmayacakmışsınız	[yazdır, ##ılmaya, ##cak, ##mış, ##sınız]
minimal	20k	demokrasileştirmenin	[demokrasi, ##leştirme, ##nin]
minimal	20k	Ankara’dan	[Ankara, [UNK], dan]
minimal	20k	İstanbul'uyla	[İstanbul, ', uy, ##la]
minimal	20k	İstanbul'a	[İstanbul, ', a]
minimal	20k	İstanbul'da	[İstanbul, ', da]
minimal	20k	İstanbul'dan	[İstanbul, ', dan]
minimal	20k	görülebilirdi	[görülebilir, ##di]
minimal	20k	çalıştırılabilir	[çalıştır, ##ılabilir]
minimal	20k	kapkara	[kap, ##kar, ##a]
minimal	20k	Ankara'ya	[Ankara, ', ya]
minimal	20k	Ankara'dan	[Ankara, ', dan]
minimal	20k	Ankara'da	[Ankara, ', da]
minimal	20k	1923'te	[1923, ', te]
minimal	32k	ev	[ev]
minimal	32k	evim	[evim]
minimal	32k	evlerimiz	[evleri, ##mi, ##z]
minimal	32k	evde	[evde]
minimal	32k	evden	[evden]
minimal	32k	evdeki	[evdeki]
minimal	32k	evdekiler	[evdeki, ##ler]
minimal	32k	okudum	[okudum]
minimal	32k	okudu	[okudu]
minimal	32k	okumak	[okumak]
minimal	32k	okuma	[okuma]
minimal	32k	okudum	[okudum]
minimal	32k	okudular	[okudu, ##lar]
minimal	32k	okuduklarımız	[okuduk, ##larımız]
minimal	32k	okumadım	[okuma, ##dım]
minimal	32k	evlerimiz	[evleri, ##mi, ##z]
minimal	32k	evimiz	[evim, ##iz]
minimal	32k	evimizdeki	[evim, ##izde, ##ki]
minimal	32k	evleriniz	[evlerini, ##z]
minimal	32k	evlerimizden	[evleri, ##mi, ##z, ##den]
minimal	32k	kitapçılardan	[kitapçı, ##lardan]
minimal	32k	gelmeyeceksiniz	[gelmeyecek, ##siniz]
minimal	32k	yazdırılmayacakmışsınız	[yazdır, ##ılmayacak, ##mışsınız]
minimal	32k	demokrasileştirmenin	[demokrasi, ##leştirme, ##ni, ##n]
minimal	32k	Ankara’dan	[Ankara, [UNK], dan]
minimal	32k	İstanbul'uyla	[İstanbul, ', uy, ##la]
minimal	32k	İstanbul'a	[İstanbul, ', a]
minimal	32k	İstanbul'da	[İstanbul, ', da]
minimal	32k	İstanbul'dan	[İstanbul, ', dan]
minimal	32k	görülebilirdi	[görülebilir, ##di]
minimal	32k	çalıştırılabilir	[çalıştır, ##ılabilir]
minimal	32k	kapkara	[kap, ##kara]
minimal	32k	Ankara'ya	[Ankara, ', ya]
minimal	32k	Ankara'dan	[Ankara, ', dan]
minimal	32k	Ankara'da	[Ankara, ', da]
minimal	32k	1923'te	[1923, ', te]
minimal	52k	ev	[ev]
minimal	52k	evim	[evim]
minimal	52k	evlerimiz	[evleri, ##mi, ##z]
minimal	52k	evde	[evde]
minimal	52k	evden	[evden]
minimal	52k	evdeki	[evdeki]
minimal	52k	evdekiler	[evdeki, ##ler]
minimal	52k	okudum	[okudum]
minimal	52k	okudu	[okudu]
minimal	52k	okumak	[okumak]
minimal	52k	okuma	[okuma]
minimal	52k	okudum	[okudum]
minimal	52k	okudular	[okudu, ##lar]
minimal	52k	okuduklarımız	[okuduk, ##larımız]
minimal	52k	okumadım	[okuma, ##dım]
minimal	52k	evlerimiz	[evleri, ##mi, ##z]
minimal	52k	evimiz	[evimiz]
minimal	52k	evimizdeki	[evimizde, ##ki]
minimal	52k	evleriniz	[evlerini, ##z]
minimal	52k	evlerimizden	[evleri, ##mi, ##z, ##den]
minimal	52k	kitapçılardan	[kitapçı, ##lardan]
minimal	52k	gelmeyeceksiniz	[gelmeyecek, ##siniz]
minimal	52k	yazdırılmayacakmışsınız	[yazdır, ##ılmayacak, ##mışsınız]
minimal	52k	demokrasileştirmenin	[demokrasi, ##leştirme, ##nin]
minimal	52k	Ankara’dan	[Ankara, [UNK], dan]
minimal	52k	İstanbul'uyla	[İstanbul, ', uy, ##la]
minimal	52k	İstanbul'a	[İstanbul, ', a]
minimal	52k	İstanbul'da	[İstanbul, ', da]
minimal	52k	İstanbul'dan	[İstanbul, ', dan]
minimal	52k	görülebilirdi	[görülebilir, ##di]
minimal	52k	çalıştırılabilir	[çalıştır, ##ılabilir]
minimal	52k	kapkara	[kap, ##kara]
minimal	52k	Ankara'ya	[Ankara, ', ya]
minimal	52k	Ankara'dan	[Ankara, ', dan]
minimal	52k	Ankara'da	[Ankara, ', da]
minimal	52k	1923'te	[1923, ', te]
minimal	128k	ev	[ev]
minimal	128k	evim	[evim]
minimal	128k	evlerimiz	[evlerimiz]
minimal	128k	evde	[evde]
minimal	128k	evden	[evden]
minimal	128k	evdeki	[evdeki]
minimal	128k	evdekiler	[evdeki, ##ler]
minimal	128k	okudum	[okudum]
minimal	128k	okudu	[okudu]
minimal	128k	okumak	[okumak]
minimal	128k	okuma	[okuma]
minimal	128k	okudum	[okudum]
minimal	128k	okudular	[okudular]
minimal	128k	okuduklarımız	[okudukları, ##mız]
minimal	128k	okumadım	[okumadım]
minimal	128k	evlerimiz	[evlerimiz]
minimal	128k	evimiz	[evimiz]
minimal	128k	evimizdeki	[evimizde, ##ki]
minimal	128k	evleriniz	[evlerini, ##z]
minimal	128k	evlerimizden	[evlerimizde, ##n]
minimal	128k	kitapçılardan	[kitapçılarda, ##n]
minimal	128k	gelmeyeceksiniz	[gelmeyecek, ##siniz]
minimal	128k	yazdırılmayacakmışsınız	[yazdır, ##ılmayacak, ##mışsınız]
minimal	128k	demokrasileştirmenin	[demokrasi, ##leştirme, ##nin]
minimal	128k	Ankara’dan	[Ankara, [UNK], dan]
minimal	128k	İstanbul'uyla	[İstanbul, ', uyla]
minimal	128k	İstanbul'a	[İstanbul, ', a]
minimal	128k	İstanbul'da	[İstanbul, ', da]
minimal	128k	İstanbul'dan	[İstanbul, ', dan]
minimal	128k	görülebilirdi	[görülebilir, ##di]
minimal	128k	çalıştırılabilir	[çalıştır, ##ılabilir]
minimal	128k	kapkara	[kapkara]
minimal	128k	Ankara'ya	[Ankara, ', ya]
minimal	128k	Ankara'dan	[Ankara, ', dan]
minimal	128k	Ankara'da	[Ankara, ', da]
minimal	128k	1923'te	[1923, ', te]
alldata	2k	ev	[e, ##v]
alldata	2k	evim	[e, ##v, ##i, ##m]
alldata	2k	evlerimiz	[e, ##v, ##l, ##e, ##r, ##i, ##m, ##i, ##z]
alldata	2k	evde	[e, ##v, ##d, ##e]
alldata	2k	evden	[e, ##v, ##d, ##e, ##n]
alldata	2k	evdeki	[e, ##v, ##d, ##e, ##k, ##i]
alldata	2k	evdekiler	[e, ##v, ##d, ##e, ##k, ##i, ##l, ##e, ##r]
alldata	2k	okudum	[o, ##k, ##u, ##d, ##u, ##m]
alldata	2k	okudu	[o, ##k, ##u, ##d, ##u]
alldata	2k	okumak	[o, ##k, ##u, ##m, ##a, ##k]
alldata	2k	okuma	[o, ##k, ##u, ##m, ##a]
alldata	2k	okudum	[o, ##k, ##u, ##d, ##u, ##m]
alldata	2k	okudular	[o, ##k, ##u, ##d, ##u, ##l, ##a, ##r]
alldata	2k	okuduklarımız	[o, ##k, ##u, ##d, ##u, ##k, ##l, ##a, ##r, ##ı, ##m, ##ı, ##z]
alldata	2k	okumadım	[o, ##k, ##u, ##m, ##a, ##d, ##ı, ##m]
alldata	2k	evlerimiz	[e, ##v, ##l, ##e, ##r, ##i, ##m, ##i, ##z]
alldata	2k	evimiz	[e, ##v, ##i, ##m, ##i, ##z]
alldata	2k	evimizdeki	[e, ##v, ##i, ##m, ##i, ##z, ##d, ##e, ##k, ##i]
alldata	2k	evleriniz	[e, ##v, ##l, ##e, ##r, ##i, ##n, ##i, ##z]
alldata	2k	evlerimizden	[e, ##v, ##l, ##e, ##r, ##i, ##m, ##i, ##z, ##d, ##e, ##n]
alldata	2k	kitapçılardan	[k, ##i, ##t, ##a, ##p, ##ç, ##ı, ##l, ##a, ##r, ##d, ##a, ##n]
alldata	2k	gelmeyeceksiniz	[g, ##e, ##l, ##m, ##e, ##y, ##e, ##c, ##e, ##k, ##s, ##i, ##n, ##i, ##z]
alldata	2k	yazdırılmayacakmışsınız	[y, ##a, ##z, ##d, ##ı, ##r, ##ı, ##l, ##m, ##a, ##y, ##a, ##c, ##a, ##k, ##m, ##ı, ##ş, ##s, ##ı, ##n, ##ı, ##z]
alldata	2k	demokrasileştirmenin	[d, ##e, ##m, ##o, ##k, ##r, ##a, ##s, ##i, ##l, ##e, ##ş, ##t, ##i, ##r, ##m, ##e, ##n, ##i, ##n]
alldata	2k	Ankara’dan	[A, ##n, ##k, ##a, ##r, ##a, [UNK], d, ##a, ##n]
alldata	2k	İstanbul'uyla	[İ, ##s, ##t, ##a, ##n, ##b, ##u, ##l, ', u, ##y, ##l, ##a]
alldata	2k	İstanbul'a	[İ, ##s, ##t, ##a, ##n, ##b, ##u, ##l, ', a]
alldata	2k	İstanbul'da	[İ, ##s, ##t, ##a, ##n, ##b, ##u, ##l, ', d, ##a]
alldata	2k	İstanbul'dan	[İ, ##s, ##t, ##a, ##n, ##b, ##u, ##l, ', d, ##a, ##n]
alldata	2k	görülebilirdi	[g, ##ö, ##r, ##ü, ##l, ##e, ##b, ##i, ##l, ##i, ##r, ##d, ##i]
alldata	2k	çalıştırılabilir	[ç, ##a, ##l, ##ı, ##ş, ##t, ##ı, ##r, ##ı, ##l, ##a, ##b, ##i, ##l, ##i, ##r]
alldata	2k	kapkara	[k, ##a, ##p, ##k, ##a, ##r, ##a]
alldata	2k	Ankara'ya	[A, ##n, ##k, ##a, ##r, ##a, ', y, ##a]
alldata	2k	Ankara'dan	[A, ##n, ##k, ##a, ##r, ##a, ', d, ##a, ##n]
alldata	2k	Ankara'da	[A, ##n, ##k, ##a, ##r, ##a, ', d, ##a]
alldata	2k	1923'te	[1, ##9, ##2, ##3, ', t, ##e]
alldata	5k	ev	[e, ##v]
alldata	5k	evim	[e, ##v, ##i, ##m]
alldata	5k	evlerimiz	[e, ##v, ##l, ##e, ##r, ##i, ##m, ##i, ##z]
alldata	5k	evde	[e, ##v, ##d, ##e]
alldata	5k	evden	[e, ##v, ##d, ##e, ##n]
alldata	5k	evdeki	[e, ##v, ##d, ##e, ##k, ##i]
alldata	5k	evdekiler	[e, ##v, ##d, ##e, ##k, ##i, ##l, ##e, ##r]
alldata	5k	okudum	[o, ##k, ##u, ##d, ##u, ##m]
alldata	5k	okudu	[o, ##k, ##u, ##d, ##u]
alldata	5k	okumak	[o, ##k, ##u, ##m, ##a, ##k]
alldata	5k	okuma	[o, ##k, ##u, ##m, ##a]
alldata	5k	okudum	[o, ##k, ##u, ##d, ##u, ##m]
alldata	5k	okudular	[o, ##k, ##u, ##d, ##u, ##l, ##a, ##r]
alldata	5k	okuduklarımız	[o, ##k, ##u, ##d, ##u, ##k, ##l, ##a, ##r, ##ı, ##m, ##ı, ##z]
alldata	5k	okumadım	[o, ##k, ##u, ##m, ##a, ##d, ##ı, ##m]
alldata	5k	evlerimiz	[e, ##v, ##l, ##e, ##r, ##i, ##m, ##i, ##z]
alldata	5k	evimiz	[e, ##v, ##i, ##m, ##i, ##z]
alldata	5k	evimizdeki	[e, ##v, ##i, ##m, ##i, ##z, ##d, ##e, ##k, ##i]
alldata	5k	evleriniz	[e, ##v, ##l, ##e, ##r, ##i, ##n, ##i, ##z]
alldata	5k	evlerimizden	[e, ##v, ##l, ##e, ##r, ##i, ##m, ##i, ##z, ##d, ##e, ##n]
alldata	5k	kitapçılardan	[k, ##i, ##t, ##a, ##p, ##ç, ##ı, ##l, ##a, ##r, ##d, ##a, ##n]
alldata	5k	gelmeyeceksiniz	[g, ##e, ##l, ##m, ##e, ##y, ##e, ##c, ##e, ##k, ##s, ##i, ##n, ##i, ##z]
alldata	5k	yazdırılmayacakmışsınız	[y, ##a, ##z, ##d, ##ı, ##r, ##ı, ##l, ##m, ##a, ##y, ##a, ##c, ##a, ##k, ##m, ##ı, ##ş, ##s, ##ı, ##n, ##ı, ##z]
alldata	5k	demokrasileştirmenin	[d, ##e, ##m, ##o, ##k, ##r, ##a, ##s, ##i, ##l, ##e, ##ş, ##t, ##i, ##r, ##m, ##e, ##n, ##i, ##n]
alldata	5k	Ankara’dan	[A, ##n, ##k, ##a, ##r, ##a, [UNK], d, ##a, ##n]
alldata	5k	İstanbul'uyla	[İ, ##s, ##t, ##a, ##n, ##b, ##u, ##l, ', u, ##y, ##l, ##a]
alldata	5k	İstanbul'a	[İ, ##s, ##t, ##a, ##n, ##b, ##u, ##l, ', a]
alldata	5k	İstanbul'da	[İ, ##s, ##t, ##a, ##n, ##b, ##u, ##l, ', d, ##a]
alldata	5k	İstanbul'dan	[İ, ##s, ##t, ##a, ##n, ##b, ##u, ##l, ', d, ##a, ##n]
alldata	5k	görülebilirdi	[g, ##ö, ##r, ##ü, ##l, ##e, ##b, ##i, ##l, ##i, ##r, ##d, ##i]
alldata	5k	çalıştırılabilir	[ç, ##a, ##l, ##ı, ##ş, ##t, ##ı, ##r, ##ı, ##l, ##a, ##b, ##i, ##l, ##i, ##r]
alldata	5k	kapkara	[k, ##a, ##p, ##k, ##a, ##r, ##a]
alldata	5k	Ankara'ya	[A, ##n, ##k, ##a, ##r, ##a, ', y, ##a]
alldata	5k	Ankara'dan	[A, ##n, ##k, ##a, ##r, ##a, ', d, ##a, ##n]
alldata	5k	Ankara'da	[A, ##n, ##k, ##a, ##r, ##a, ', d, ##a]
alldata	5k	1923'te	[1, ##9, ##2, ##3, ', t, ##e]
alldata	10k	ev	[e, ##v]
alldata	10k	evim	[e, ##v, ##i, ##m]
alldata	10k	evlerimiz	[e, ##v, ##l, ##e, ##r, ##i, ##m, ##i, ##z]
alldata	10k	evde	[e, ##v, ##d, ##e]
alldata	10k	evden	[e, ##v, ##d, ##e, ##n]
alldata	10k	evdeki	[e, ##v, ##d, ##e, ##k, ##i]
alldata	10k	evdekiler	[e, ##v, ##d, ##e, ##k, ##i, ##l, ##e, ##r]
alldata	10k	okudum	[o, ##k, ##u, ##d, ##u, ##m]
alldata	10k	okudu	[o, ##k, ##u, ##d, ##u]
alldata	10k	okumak	[o, ##k, ##u, ##m, ##a, ##k]
alldata	10k	okuma	[o, ##k, ##u, ##m, ##a]
alldata	10k	okudum	[o, ##k, ##u, ##d, ##u, ##m]
alldata	10k	okudular	[o, ##k, ##u, ##d, ##u, ##l, ##a, ##r]
alldata	10k	okuduklarımız	[o, ##k, ##u, ##d, ##u, ##k, ##l, ##a, ##r, ##ı, ##m, ##ı, ##z]
alldata	10k	okumadım	[o, ##k, ##u, ##m, ##a, ##d, ##ı, ##m]
alldata	10k	evlerimiz	[e, ##v, ##l, ##e, ##r, ##i, ##m, ##i, ##z]
alldata	10k	evimiz	[e, ##v, ##i, ##m, ##i, ##z]
alldata	10k	evimizdeki	[e, ##v, ##i, ##m, ##i, ##z, ##d, ##e, ##k, ##i]
alldata	10k	evleriniz	[e, ##v, ##l, ##e, ##r, ##i, ##n, ##i, ##z]
alldata	10k	evlerimizden	[e, ##v, ##l, ##e, ##r, ##i, ##m, ##i, ##z, ##d, ##e, ##n]
alldata	10k	kitapçılardan	[k, ##i, ##t, ##a, ##p, ##ç, ##ı, ##l, ##a, ##r, ##d, ##a, ##n]
alldata	10k	gelmeyeceksiniz	[g, ##e, ##l, ##m, ##e, ##y, ##e, ##c, ##e, ##k, ##s, ##i, ##n, ##i, ##z]
alldata	10k	yazdırılmayacakmışsınız	[y, ##a, ##z, ##d, ##ı, ##r, ##ı, ##l, ##m, ##a, ##y, ##a, ##c, ##a, ##k, ##m, ##ı, ##ş, ##s, ##ı, ##n, ##ı, ##z]
alldata	10k	demokrasileştirmenin	[d, ##e, ##m, ##o, ##k, ##r, ##a, ##s, ##i, ##l, ##e, ##ş, ##t, ##i, ##r, ##m, ##e, ##n, ##i, ##n]
alldata	10k	Ankara’dan	[A, ##n, ##k, ##a, ##r, ##a, [UNK], d, ##a, ##n]
alldata	10k	İstanbul'uyla	[İ, ##s, ##t, ##a, ##n, ##b, ##u, ##l, ', u, ##y, ##l, ##a]
alldata	10k	İstanbul'a	[İ, ##s, ##t, ##a, ##n, ##b, ##u, ##l, ', a]
alldata	10k	İstanbul'da	[İ, ##s, ##t, ##a, ##n, ##b, ##u, ##l, ', d, ##a]
alldata	10k	İstanbul'dan	[İ, ##s, ##t, ##a, ##n, ##b, ##u, ##l, ', d, ##a, ##n]
alldata	10k	görülebilirdi	[g, ##ö, ##r, ##ü, ##l, ##e, ##b, ##i, ##l, ##i, ##r, ##d, ##i]
alldata	10k	çalıştırılabilir	[ç, ##a, ##l, ##ı, ##ş, ##t, ##ı, ##r, ##ı, ##l, ##a, ##b, ##i, ##l, ##i, ##r]
alldata	10k	kapkara	[k, ##a, ##p, ##k, ##a, ##r, ##a]
alldata	10k	Ankara'ya	[A, ##n, ##k, ##a, ##r, ##a, ', y, ##a]
alldata	10k	Ankara'dan	[A, ##n, ##k, ##a, ##r, ##a, ', d, ##a, ##n]
alldata	10k	Ankara'da	[A, ##n, ##k, ##a, ##r, ##a, ', d, ##a]
alldata	10k	1923'te	[1, ##9, ##2, ##3, ', t, ##e]
alldata	20k	ev	[ev]
alldata	20k	evim	[ev, ##im]
alldata	20k	evlerimiz	[ev, ##leri, ##m, ##iz]
alldata	20k	evde	[ev, ##de]
alldata	20k	evden	[ev, ##den]
alldata	20k	evdeki	[ev, ##deki]
alldata	20k	evdekiler	[ev, ##deki, ##ler]
alldata	20k	okudum	[ok, ##u, ##du, ##m]
alldata	20k	okudu	[ok, ##u, ##du]
alldata	20k	okumak	[ok, ##um, ##ak]
alldata	20k	okuma	[ok, ##um, ##a]
alldata	20k	okudum	[ok, ##u, ##du, ##m]
alldata	20k	okudular	[ok, ##u, ##du, ##lar]
alldata	20k	okuduklarımız	[ok, ##u, ##du, ##k, ##larımız]
alldata	20k	okumadım	[ok, ##um, ##ad, ##ım]
alldata	20k	evlerimiz	[ev, ##leri, ##m, ##iz]
alldata	20k	evimiz	[ev, ##imiz]
alldata	20k	evimizdeki	[ev, ##imiz, ##deki]
alldata	20k	evleriniz	[ev, ##lerini, ##z]
alldata	20k	evlerimizden	[ev, ##leri, ##m, ##iz, ##den]
alldata	20k	kitapçılardan	[ki, ##ta, ##p, ##ç, ##ıla, ##r, ##dan]
alldata	20k	gelmeyeceksiniz	[gel, ##meye, ##ce, ##k, ##siniz]
alldata	20k	yazdırılmayacakmışsınız	[yaz, ##dır, ##ıl, ##maya, ##cak, ##mış, ##sı, ##nı, ##z]
alldata	20k	demokrasileştirmenin	[de, ##m, ##ok, ##ra, ##si, ##leştir, ##men, ##in]
alldata	20k	Ankara’dan	[An, ##ka, ##ra, [UNK], da, ##n]
alldata	20k	İstanbul'uyla	[İst, ##an, ##bul, ', uy, ##la]
alldata	20k	İstanbul'a	[İst, ##an, ##bul, ', a]
alldata	20k	İstanbul'da	[İst, ##an, ##bul, ', da]
alldata	20k	İstanbul'dan	[İst, ##an, ##bul, ', da, ##n]
alldata	20k	görülebilirdi	[gör, ##ül, ##ebilir, ##di]
alldata	20k	çalıştırılabilir	[çalış, ##tır, ##ıla, ##bilir]
alldata	20k	kapkara	[kap, ##ka, ##ra]
alldata	20k	Ankara'ya	[An, ##ka, ##ra, ', ya]
alldata	20k	Ankara'dan	[An, ##ka, ##ra, ', da, ##n]
alldata	20k	Ankara'da	[An, ##ka, ##ra, ', da]
alldata	20k	1923'te	[19, ##2, ##3, ', te]
alldata	32k	ev	[ev]
alldata	32k	evim	[evi, ##m]
alldata	32k	evlerimiz	[ev, ##lerimiz]
alldata	32k	evde	[evde]
alldata	32k	evden	[evden]
alldata	32k	evdeki	[evde, ##ki]
alldata	32k	evdekiler	[evde, ##kil, ##er]
alldata	32k	okudum	[okudum]
alldata	32k	okudu	[oku, ##du]
alldata	32k	okumak	[okumak]
alldata	32k	okuma	[okuma]
alldata	32k	okudum	[okudum]
alldata	32k	okudular	[oku, ##du, ##lar]
alldata	32k	okuduklarımız	[oku, ##dukları, ##mız]
alldata	32k	okumadım	[okuma, ##dım]
alldata	32k	evlerimiz	[ev, ##lerimiz]
alldata	32k	evimiz	[evi, ##mi, ##z]
alldata	32k	evimizdeki	[evi, ##mi, ##z, ##deki]
alldata	32k	evleriniz	[ev, ##leriniz]
alldata	32k	evlerimizden	[ev, ##lerimizden]
alldata	32k	kitapçılardan	[kitap, ##çılar, ##dan]
alldata	32k	gelmeyeceksiniz	[gelmeye, ##cek, ##siniz]
alldata	32k	yazdırılmayacakmışsınız	[yazdı, ##rı, ##l, ##mayacak, ##mış, ##sınız]
alldata	32k	demokrasileştirmenin	[demokrasi, ##leştirme, ##nin]
alldata	32k	Ankara’dan	[Ankara, [UNK], dan]
alldata	32k	İstanbul'uyla	[İstanbul, ', uy, ##la]
alldata	32k	İstanbul'a	[İstanbul, ', a]
alldata	32k	İstanbul'da	[İstanbul, ', da]
alldata	32k	İstanbul'dan	[İstanbul, ', dan]
alldata	32k	görülebilirdi	[görülebilir, ##di]
alldata	32k	çalıştırılabilir	[çalıştır, ##ılabilir]
alldata	32k	kapkara	[kap, ##kar, ##a]
alldata	32k	Ankara'ya	[Ankara, ', ya]
alldata	32k	Ankara'dan	[Ankara, ', dan]
alldata	32k	Ankara'da	[Ankara, ', da]
alldata	32k	1923'te	[192, ##3, ', te]
alldata	52k	ev	[ev]
alldata	52k	evim	[evi, ##m]
alldata	52k	evlerimiz	[evleri, ##mi, ##z]
alldata	52k	evde	[evde]
alldata	52k	evden	[evden]
alldata	52k	evdeki	[evdeki]
alldata	52k	evdekiler	[evdeki, ##ler]
alldata	52k	okudum	[okudum]
alldata	52k	okudu	[okudu]
alldata	52k	okumak	[okumak]
alldata	52k	okuma	[okuma]
alldata	52k	okudum	[okudum]
alldata	52k	okudular	[okudu, ##lar]
alldata	52k	okuduklarımız	[okudu, ##k, ##larımız]
alldata	52k	okumadım	[okuma, ##dım]
alldata	52k	evlerimiz	[evleri, ##mi, ##z]
alldata	52k	evimiz	[evi, ##mi, ##z]
alldata	52k	evimizdeki	[evi, ##mi, ##z, ##deki]
alldata	52k	evleriniz	[evlerini, ##z]
alldata	52k	evlerimizden	[evleri, ##mi, ##z, ##den]
alldata	52k	kitapçılardan	[kitapçı, ##lardan]
alldata	52k	gelmeyeceksiniz	[gelmeyecek, ##siniz]
alldata	52k	yazdırılmayacakmışsınız	[yazdır, ##ılmayacak, ##mış, ##sınız]
alldata	52k	demokrasileştirmenin	[demokrasi, ##leştirme, ##nin]
alldata	52k	Ankara’dan	[Ankara, [UNK], dan]
alldata	52k	İstanbul'uyla	[İstanbul, ', uy, ##la]
alldata	52k	İstanbul'a	[İstanbul, ', a]
alldata	52k	İstanbul'da	[İstanbul, ', da]
alldata	52k	İstanbul'dan	[İstanbul, ', dan]
alldata	52k	görülebilirdi	[görülebilir, ##di]
alldata	52k	çalıştırılabilir	[çalıştır, ##ılabilir]
alldata	52k	kapkara	[kap, ##kara]
alldata	52k	Ankara'ya	[Ankara, ', ya]
alldata	52k	Ankara'dan	[Ankara, ', dan]
alldata	52k	Ankara'da	[Ankara, ', da]
alldata	52k	1923'te	[1923, ', te]
alldata	128k	ev	[ev]
alldata	128k	evim	[evim]
alldata	128k	evlerimiz	[evleri, ##miz]
alldata	128k	evde	[evde]
alldata	128k	evden	[evden]
alldata	128k	evdeki	[evdeki]
alldata	128k	evdekiler	[evdeki, ##ler]
alldata	128k	okudum	[okudum]
alldata	128k	okudu	[okudu]
alldata	128k	okumak	[okumak]
alldata	128k	okuma	[okuma]
alldata	128k	okudum	[okudum]
alldata	128k	okudular	[okudular]
alldata	128k	okuduklarımız	[okudukları, ##mız]
alldata	128k	okumadım	[okumadım]
alldata	128k	evlerimiz	[evleri, ##miz]
alldata	128k	evimiz	[evimiz]
alldata	128k	evimizdeki	[evimizde, ##ki]
alldata	128k	evleriniz	[evlerini, ##z]
alldata	128k	evlerimizden	[evlerimizde, ##n]
alldata	128k	kitapçılardan	[kitapçı, ##lardan]
alldata	128k	gelmeyeceksiniz	[gelmeyecek, ##siniz]
alldata	128k	yazdırılmayacakmışsınız	[yazdır, ##ılmayacak, ##mışsın, ##ız]
alldata	128k	demokrasileştirmenin	[demokrasi, ##leştirmenin]
alldata	128k	Ankara’dan	[Ankara, [UNK], dan]
alldata	128k	İstanbul'uyla	[İstanbul, ', uy, ##la]
alldata	128k	İstanbul'a	[İstanbul, ', a]
alldata	128k	İstanbul'da	[İstanbul, ', da]
alldata	128k	İstanbul'dan	[İstanbul, ', dan]
alldata	128k	görülebilirdi	[görülebilir, ##di]
alldata	128k	çalıştırılabilir	[çalıştırılabilir]
alldata	128k	kapkara	[kapkara]
alldata	128k	Ankara'ya	[Ankara, ', ya]
alldata	128k	Ankara'dan	[Ankara, ', dan]
alldata	128k	Ankara'da	[Ankara, ', da]
alldata	128k	1923'te	[1923, ', te]
